run_id,model,run_number,run_time,rmse_fe,rmse_mass,mse_total,mpc_solve_time,mpc_success_rate,r2_fe,r2_mass
KRR_RBF_run_1,KRR_RBF,1,129.0589680671692,0.029358269544363356,0.21137593890650713,0.022770847769623462,0.01,1.0,0.9672769753838486,0.9123839445021203
SVR_RBF_run_1,SVR_RBF,1,456.3475852012634,0.02711936641191128,0.21154445690551033,0.022743258641015406,0.01,1.0,0.9713759190066943,0.9103343233565943
GPR_RBF_run_1,GPR_RBF,1,629.7505571842194,0.028891293415774927,0.2113111869889874,0.0227435622909656,0.01,1.0,0.991904533168085,0.9126995164991567
LINEAR_RIDGE_run_1,LINEAR_RIDGE,1,96.58428692817688,0.039249341719450735,0.21256168379062268,0.023361490120657448,0.01,1.0,0.9306180368738628,0.9178237637914476
