run_id,model,run_number,run_time,rmse_fe,rmse_mass,mse_total,mpc_solve_time,mpc_success_rate,r2_fe,r2_mass
KRR_RBF_run_1,KRR_RBF,1,131.42334389686584,0.029358269544363356,0.21137593890650713,0.022770847769623462,0.01,1.0,0.9672769753838486,0.9123839445021203
SVR_RBF_run_1,SVR_RBF,1,453.01758003234863,0.02711936641191128,0.21154445690551033,0.022743258641015406,0.01,1.0,0.9713759190066943,0.9103343233565943
GPR_RBF_run_1,GPR_RBF,1,675.0505704879761,0.02889129341045379,0.21131118682478217,0.022743562256113462,0.01,1.0,0.9938808363591375,0.9144283075301086
LINEAR_RIDGE_run_1,LINEAR_RIDGE,1,98.2060010433197,0.039249341719450735,0.21256168379062268,0.023361490120657448,0.01,1.0,0.9306180368738628,0.9178237637914476
