{
    "test_mse_total": 0.16145387609742679,
    "test_rmse_conc_fe": 0.16219829114646453,
    "test_rmse_conc_mass": 0.5446094624077149
}