{
    "test_mse_total": 0.1723750325297952,
    "test_rmse_conc_fe": 0.16754286501257593,
    "test_rmse_conc_mass": 0.5627427951053378
}