{
    "test_mse_total": 0.15189094096358166,
    "test_rmse_conc_fe": 0.16210724940690888,
    "test_rmse_conc_mass": 0.5267856505419349
}