{
    "test_mse_total": 0.8917631292042756,
    "test_rmse_conc_fe": 0.7163196478277907,
    "test_rmse_conc_mass": 1.127125734132808
}