{
    "test_mse_total": 0.2201177683574644,
    "test_rmse_conc_fe": 0.16669740039010464,
    "test_rmse_conc_mass": 0.6422207668848073
}