{
    "test_mse_total": 0.31803566912085846,
    "test_rmse_conc_fe": 0.18127966306077103,
    "test_rmse_conc_mass": 0.7766653217456604
}